alpha,dispatch_error_mean,dispatch_error_std
0.0,0.4245402522846822,0.013
0.5,0.41429025228468214,0.012
1.0,0.40554025228468216,0.011
2.0,0.39254025228468215,0.009
3.0,0.40554025228468216,0.011
