iteration,objective_value
1,0.5027402522846821
2,0.4564562522846821
3,0.42961153228468213
4,0.41404159468468216
5,0.40501103087668217
6,0.39977330386804216
7,0.39673542220303093
8,0.39497345083732444
