system,method,min_voltage_mae_pu,min_voltage_mae_std,max_branch_loading_mae_pct,max_branch_loading_mae_std,feasible_share_gap,feasible_share_gap_std,daily_loss_mae_mwh,daily_loss_mae_std,true_feasible_share,rep_feasible_share,true_min_voltage_mean,rep_min_voltage_mean
DDRE-33-radial,xrfm_dual_library,0.0011518515155998243,0.00026443280047957677,47.37894477993346,10.871608967901523,0.0,0.0,0.09822698164568075,0.025297725071542678,0.0,0.0,0.8996079768429686,0.899026268800138
DDRE-33-radial,xrfm,0.001220871934741581,0.0002970495412501082,59.926859755449684,19.509538723697425,0.0,0.0,0.15289560383795192,0.02510973507611025,0.0,0.0,0.8996079768429686,0.89868451431827
DDRE-33-radial,spectral,0.0012510597551677236,0.00027289012924423177,58.51376345539465,11.02559448253997,0.0,0.0,0.13089522692793587,0.026774344474701457,0.0,0.0,0.8996079768429686,0.8988871177829953
DDRE-33-radial,hierarchical,0.001263706409147767,0.0003546271419591964,71.3380207862944,18.989783434498055,0.0,0.0,0.15465043067959264,0.026181856250377826,0.0,0.0,0.8996079768429686,0.8989604504146034
DDRE-33-radial,kmedoids,0.0013561175610275074,0.0002767995903543636,56.73486124255771,16.19292630926323,0.0,0.0,0.1380460698697507,0.04064832327949533,0.0,0.0,0.8996079768429686,0.8990053344851863
DDRE-33-radial,kmeans,0.0013624505774405319,0.0002829023856430312,59.83341623976689,18.117033314711456,0.0,0.0,0.14374960836011497,0.04980936940167348,0.0,0.0,0.8996079768429686,0.8989997938245645
