gamma,dispatch_error_mean,dispatch_error_std
0.5,0.39654025228468215,0.00975
1.0,0.39254025228468215,0.009
2.0,0.40254025228468215,0.010499999999999999
