train_split,test_split,transfer_error
70,15,0.39254025228468215
60,20,0.42001806994460994
50,25,0.4435704850816908
