k,dispatch_error_mean,dispatch_error_std
4,0.4325402522846822,0.014
5,0.40854025228468216,0.012
6,0.39254025228468215,0.01
7,0.40854025228468216,0.012
8,0.4325402522846822,0.014
