study_axis,value,runtime_seconds,memory_proxy
n_scenarios,200,16.799999999999997,144.0
n_scenarios,500,35.613945423969305,286.2974623561382
n_scenarios,1000,62.87307267093912,481.49301958302385
n_scenarios,5000,235.29900399316622,1609.9689437998486
feature_dim,4,5.879999999999999,48.0
feature_dim,8,9.71820558140606,96.0
feature_dim,12,16.799999999999997,144.0
