tau,dispatch_error_mean,dispatch_error_std,extreme_miss_mean
0.7,0.40354025228468215,0.01,0.07000000000000003
0.8,0.39254025228468215,0.009,0.04
0.9,0.40354025228468215,0.009999999999999998,0.06999999999999999
